[
{
    "pk": 1, 
    "model": "turnos.afiliado", 
    "fields": {
        "nombre": "Yonatan", 
        "dni": 12345678, 
        "apellido": "Romero", 
        "numero": "000100020003"
    }
},
{
    "pk": 2, 
    "model": "turnos.afiliado", 
    "fields": {
        "nombre": "Un duplicado", 
        "dni": 12345678, 
        "apellido": "Perez", 
        "numero": "000100020033"
    }
},
{
    "pk": 1, 
    "model": "turnos.especialidad", 
    "fields": {
        "descripcion": "Odontolog\u00eda", 
        "fecha_baja": null
    }
},
{
    "pk": 1, 
    "model": "turnos.consultorio", 
    "fields": {
        "ubicacion": null, 
        "descripcion": null, 
        "disponible": true, 
        "numero": "1"
    }
},
{
    "pk": 1, 
    "model": "turnos.reserva", 
    "fields": {
        "fecha": "2014-01-21T17:02:44.094Z", 
        "afiliado": 1, 
        "telefono": "41234345"
    }
},
{
    "pk": 1, 
    "model": "turnos.especialista", 
    "fields": {
        "fecha_baja": null, 
        "nombre": "Mar\u00eda de los \u00e1ngeles", 
        "dni": 11559977, 
        "apellido": "Fern\u00e1ndez"
    }
},
{
    "pk": 1, 
    "model": "turnos.especialistaespecialidad", 
    "fields": {
        "fechaBaja": null, 
        "especialidad": 1, 
        "especialista": 1
    }
},
{
    "pk": 1, 
    "model": "turnos.disponibilidad", 
    "fields": {
        "horaHasta": "19:00:00", 
        "consultorio": 1, 
        "ee": 1, 
        "horaDesde": "12:30:00", 
        "dia": "0"
    }
},
{
    "pk": 2, 
    "model": "turnos.disponibilidad", 
    "fields": {
        "horaHasta": "13:00:00", 
        "consultorio": null, 
        "ee": 1, 
        "horaDesde": "12:30:00", 
        "dia": "1"
    }
},
{
    "pk": 3, 
    "model": "turnos.disponibilidad", 
    "fields": {
        "horaHasta": "13:00:00", 
        "consultorio": null, 
        "ee": 1, 
        "horaDesde": "12:30:00", 
        "dia": "2"
    }
},
{
    "pk": 4, 
    "model": "turnos.disponibilidad", 
    "fields": {
        "horaHasta": "13:00:00", 
        "consultorio": null, 
        "ee": 1, 
        "horaDesde": "12:30:00", 
        "dia": "3"
    }
},
{
    "pk": 5, 
    "model": "turnos.disponibilidad", 
    "fields": {
        "horaHasta": "13:00:00", 
        "consultorio": null, 
        "ee": 1, 
        "horaDesde": "12:30:00", 
        "dia": "4"
    }
},
{
    "pk": 6, 
    "model": "turnos.disponibilidad", 
    "fields": {
        "horaHasta": "13:00:00", 
        "consultorio": null, 
        "ee": 1, 
        "horaDesde": "12:30:00", 
        "dia": "5"
    }
},
{
    "pk": 7, 
    "model": "turnos.disponibilidad", 
    "fields": {
        "horaHasta": "13:00:00", 
        "consultorio": null, 
        "ee": 1, 
        "horaDesde": "12:30:00", 
        "dia": "6"
    }
},
{
    "pk": 1, 
    "model": "turnos.turno", 
    "fields": {
        "consultorio": 1, 
        "ee": 1, 
        "fecha": "2018-01-20T17:17:42.096Z", 
        "sobreturno": false, 
        "estado": "D"
    }
},
{
    "pk": 2, 
    "model": "turnos.turno", 
    "fields": {
        "consultorio": 1, 
        "ee": 1, 
        "fecha": "2018-01-20T17:32:42.096Z", 
        "sobreturno": false, 
        "estado": "D"
    }
},
{
    "pk": 3, 
    "model": "turnos.turno", 
    "fields": {
        "consultorio": 1, 
        "ee": 1, 
        "fecha": "2018-01-20T17:47:42.096Z", 
        "sobreturno": false, 
        "estado": "D"
    }
},
{
    "pk": 4, 
    "model": "turnos.turno", 
    "fields": {
        "consultorio": 1, 
        "ee": 1, 
        "fecha": "2018-01-20T18:02:42.096Z", 
        "sobreturno": false, 
        "estado": "D"
    }
},
{
    "pk": 5, 
    "model": "turnos.turno", 
    "fields": {
        "consultorio": 1, 
        "ee": 1, 
        "fecha": "2018-01-20T18:17:42.096Z", 
        "sobreturno": false, 
        "estado": "D"
    }
},
{
    "pk": 6, 
    "model": "turnos.turno", 
    "fields": {
        "consultorio": 1, 
        "ee": 1, 
        "fecha": "2018-01-20T18:32:42.096Z", 
        "sobreturno": false, 
        "estado": "D"
    }
},
{
    "pk": 7, 
    "model": "turnos.turno", 
    "fields": {
        "consultorio": 1, 
        "ee": 1, 
        "fecha": "2018-01-20T18:47:42.096Z", 
        "sobreturno": false, 
        "estado": "D"
    }
},
{
    "pk": 8, 
    "model": "turnos.turno", 
    "fields": {
        "consultorio": 1, 
        "ee": 1, 
        "fecha": "2018-01-20T19:02:42.096Z", 
        "sobreturno": false, 
        "estado": "D"
    }
},
{
    "pk": 9, 
    "model": "turnos.turno", 
    "fields": {
        "consultorio": 1, 
        "ee": 1, 
        "fecha": "2018-01-20T19:17:42.096Z", 
        "sobreturno": false, 
        "estado": "D"
    }
},
{
    "pk": 10, 
    "model": "turnos.turno", 
    "fields": {
        "consultorio": 1, 
        "ee": 1, 
        "fecha": "2018-01-20T19:32:42.096Z", 
        "sobreturno": false, 
        "estado": "D"
    }
},
{
    "pk": 11, 
    "model": "turnos.turno", 
    "fields": {
        "consultorio": 1, 
        "ee": 1, 
        "fecha": "2018-01-20T19:47:42.096Z", 
        "sobreturno": false, 
        "estado": "D"
    }
},
{
    "pk": 12, 
    "model": "turnos.turno", 
    "fields": {
        "consultorio": 1, 
        "ee": 1, 
        "fecha": "2018-01-20T20:02:42.096Z", 
        "sobreturno": false, 
        "estado": "D"
    }
},
{
    "pk": 13, 
    "model": "turnos.turno", 
    "fields": {
        "consultorio": 1, 
        "ee": 1, 
        "fecha": "2018-01-20T20:17:42.096Z", 
        "sobreturno": false, 
        "estado": "D"
    }
},
{
    "pk": 14, 
    "model": "turnos.turno", 
    "fields": {
        "consultorio": 1, 
        "ee": 1, 
        "fecha": "2018-01-20T20:32:42.096Z", 
        "sobreturno": false, 
        "estado": "D"
    }
},
{
    "pk": 15, 
    "model": "turnos.turno", 
    "fields": {
        "consultorio": 1, 
        "ee": 1, 
        "fecha": "2018-01-20T20:47:42.096Z", 
        "sobreturno": false, 
        "estado": "D"
    }
},
{
    "pk": 16, 
    "model": "turnos.turno", 
    "fields": {
        "consultorio": 1, 
        "ee": 1, 
        "fecha": "2018-01-20T21:02:42.096Z", 
        "sobreturno": false, 
        "estado": "D"
    }
},
{
    "pk": 17, 
    "model": "turnos.turno", 
    "fields": {
        "consultorio": 1, 
        "ee": 1, 
        "fecha": "2018-01-20T21:17:42.096Z", 
        "sobreturno": false, 
        "estado": "D"
    }
},
{
    "pk": 18, 
    "model": "turnos.turno", 
    "fields": {
        "consultorio": 1, 
        "ee": 1, 
        "fecha": "2018-01-20T21:32:42.096Z", 
        "sobreturno": false, 
        "estado": "D"
    }
},
{
    "pk": 19, 
    "model": "turnos.turno", 
    "fields": {
        "consultorio": 1, 
        "ee": 1, 
        "fecha": "2018-01-20T21:47:42.096Z", 
        "sobreturno": false, 
        "estado": "D"
    }
},
{
    "pk": 1, 
    "model": "turnos.lineadereserva", 
    "fields": {
        "reserva": 1, 
        "estado": "C", 
        "turno": 19
    }
},
{
    "pk": 1, 
    "model": "turnos.historialturno", 
    "fields": {
        "empleado": null, 
        "fecha": "2014-01-27T14:48:50.974Z", 
        "estadoNuevo": "D", 
        "turno": 1, 
        "descripcion": null, 
        "estadoAnterior": null
    }
},
{
    "pk": 2, 
    "model": "turnos.historialturno", 
    "fields": {
        "empleado": null, 
        "fecha": "2014-01-27T14:48:51.090Z", 
        "estadoNuevo": "D", 
        "turno": 2, 
        "descripcion": null, 
        "estadoAnterior": null
    }
},
{
    "pk": 3, 
    "model": "turnos.historialturno", 
    "fields": {
        "empleado": null, 
        "fecha": "2014-01-27T14:48:51.191Z", 
        "estadoNuevo": "D", 
        "turno": 3, 
        "descripcion": null, 
        "estadoAnterior": null
    }
},
{
    "pk": 4, 
    "model": "turnos.historialturno", 
    "fields": {
        "empleado": null, 
        "fecha": "2014-01-27T14:48:51.291Z", 
        "estadoNuevo": "D", 
        "turno": 4, 
        "descripcion": null, 
        "estadoAnterior": null
    }
},
{
    "pk": 5, 
    "model": "turnos.historialturno", 
    "fields": {
        "empleado": null, 
        "fecha": "2014-01-27T14:48:51.391Z", 
        "estadoNuevo": "D", 
        "turno": 5, 
        "descripcion": null, 
        "estadoAnterior": null
    }
},
{
    "pk": 6, 
    "model": "turnos.historialturno", 
    "fields": {
        "empleado": null, 
        "fecha": "2014-01-27T14:48:51.492Z", 
        "estadoNuevo": "D", 
        "turno": 6, 
        "descripcion": null, 
        "estadoAnterior": null
    }
},
{
    "pk": 7, 
    "model": "turnos.historialturno", 
    "fields": {
        "empleado": null, 
        "fecha": "2014-01-27T14:48:51.593Z", 
        "estadoNuevo": "D", 
        "turno": 7, 
        "descripcion": null, 
        "estadoAnterior": null
    }
},
{
    "pk": 8, 
    "model": "turnos.historialturno", 
    "fields": {
        "empleado": null, 
        "fecha": "2014-01-27T14:48:51.693Z", 
        "estadoNuevo": "D", 
        "turno": 8, 
        "descripcion": null, 
        "estadoAnterior": null
    }
},
{
    "pk": 9, 
    "model": "turnos.historialturno", 
    "fields": {
        "empleado": null, 
        "fecha": "2014-01-27T14:48:51.794Z", 
        "estadoNuevo": "D", 
        "turno": 9, 
        "descripcion": null, 
        "estadoAnterior": null
    }
},
{
    "pk": 10, 
    "model": "turnos.historialturno", 
    "fields": {
        "empleado": null, 
        "fecha": "2014-01-27T14:48:51.895Z", 
        "estadoNuevo": "D", 
        "turno": 10, 
        "descripcion": null, 
        "estadoAnterior": null
    }
},
{
    "pk": 11, 
    "model": "turnos.historialturno", 
    "fields": {
        "empleado": null, 
        "fecha": "2014-01-27T14:48:51.995Z", 
        "estadoNuevo": "D", 
        "turno": 11, 
        "descripcion": null, 
        "estadoAnterior": null
    }
},
{
    "pk": 12, 
    "model": "turnos.historialturno", 
    "fields": {
        "empleado": null, 
        "fecha": "2014-01-27T14:48:52.095Z", 
        "estadoNuevo": "D", 
        "turno": 12, 
        "descripcion": null, 
        "estadoAnterior": null
    }
},
{
    "pk": 13, 
    "model": "turnos.historialturno", 
    "fields": {
        "empleado": null, 
        "fecha": "2014-01-27T14:48:52.196Z", 
        "estadoNuevo": "D", 
        "turno": 13, 
        "descripcion": null, 
        "estadoAnterior": null
    }
},
{
    "pk": 14, 
    "model": "turnos.historialturno", 
    "fields": {
        "empleado": null, 
        "fecha": "2014-01-27T14:48:52.280Z", 
        "estadoNuevo": "D", 
        "turno": 14, 
        "descripcion": null, 
        "estadoAnterior": null
    }
},
{
    "pk": 15, 
    "model": "turnos.historialturno", 
    "fields": {
        "empleado": null, 
        "fecha": "2014-01-27T14:48:52.382Z", 
        "estadoNuevo": "D", 
        "turno": 15, 
        "descripcion": null, 
        "estadoAnterior": null
    }
},
{
    "pk": 16, 
    "model": "turnos.historialturno", 
    "fields": {
        "empleado": null, 
        "fecha": "2014-01-27T14:48:52.483Z", 
        "estadoNuevo": "D", 
        "turno": 16, 
        "descripcion": null, 
        "estadoAnterior": null
    }
},
{
    "pk": 17, 
    "model": "turnos.historialturno", 
    "fields": {
        "empleado": null, 
        "fecha": "2014-01-27T14:48:52.583Z", 
        "estadoNuevo": "D", 
        "turno": 17, 
        "descripcion": null, 
        "estadoAnterior": null
    }
},
{
    "pk": 18, 
    "model": "turnos.historialturno", 
    "fields": {
        "empleado": null, 
        "fecha": "2014-01-27T14:48:52.683Z", 
        "estadoNuevo": "D", 
        "turno": 18, 
        "descripcion": null, 
        "estadoAnterior": null
    }
},
{
    "pk": 19, 
    "model": "turnos.historialturno", 
    "fields": {
        "empleado": null, 
        "fecha": "2014-01-27T14:48:52.784Z", 
        "estadoNuevo": "D", 
        "turno": 19, 
        "descripcion": null, 
        "estadoAnterior": null
    }
},
{
    "pk": "ausente_cantidad", 
    "model": "turnos.settings", 
    "fields": {
        "value": "3"
    }
},
{
    "pk": "ausente_meses", 
    "model": "turnos.settings", 
    "fields": {
        "value": "6"
    }
},
{
    "pk": "crear_cantidad_dias_turnos", 
    "model": "turnos.settings", 
    "fields": {
        "value": "7"
    }
},
{
    "pk": "crear_minutos_entre_turnos", 
    "model": "turnos.settings", 
    "fields": {
        "value": "15"
    }
},
{
    "pk": 1, 
    "model": "contenttypes.contenttype", 
    "fields": {
        "model": "afiliado", 
        "name": "afiliado", 
        "app_label": "turnos"
    }
},
{
    "pk": 2, 
    "model": "contenttypes.contenttype", 
    "fields": {
        "model": "especialidad", 
        "name": "especialidad", 
        "app_label": "turnos"
    }
},
{
    "pk": 3, 
    "model": "contenttypes.contenttype", 
    "fields": {
        "model": "consultorio", 
        "name": "consultorio", 
        "app_label": "turnos"
    }
},
{
    "pk": 4, 
    "model": "contenttypes.contenttype", 
    "fields": {
        "model": "empleado", 
        "name": "empleado", 
        "app_label": "turnos"
    }
},
{
    "pk": 5, 
    "model": "contenttypes.contenttype", 
    "fields": {
        "model": "reserva", 
        "name": "reserva", 
        "app_label": "turnos"
    }
},
{
    "pk": 6, 
    "model": "contenttypes.contenttype", 
    "fields": {
        "model": "especialista", 
        "name": "especialista", 
        "app_label": "turnos"
    }
},
{
    "pk": 7, 
    "model": "contenttypes.contenttype", 
    "fields": {
        "model": "especialistaespecialidad", 
        "name": "especialista especialidad", 
        "app_label": "turnos"
    }
},
{
    "pk": 8, 
    "model": "contenttypes.contenttype", 
    "fields": {
        "model": "disponibilidad", 
        "name": "disponibilidad", 
        "app_label": "turnos"
    }
},
{
    "pk": 9, 
    "model": "contenttypes.contenttype", 
    "fields": {
        "model": "turno", 
        "name": "turno", 
        "app_label": "turnos"
    }
},
{
    "pk": 10, 
    "model": "contenttypes.contenttype", 
    "fields": {
        "model": "lineadereserva", 
        "name": "linea de reserva", 
        "app_label": "turnos"
    }
},
{
    "pk": 11, 
    "model": "contenttypes.contenttype", 
    "fields": {
        "model": "historialturno", 
        "name": "historial turno", 
        "app_label": "turnos"
    }
},
{
    "pk": 12, 
    "model": "contenttypes.contenttype", 
    "fields": {
        "model": "settings", 
        "name": "settings", 
        "app_label": "turnos"
    }
},
{
    "pk": 13, 
    "model": "contenttypes.contenttype", 
    "fields": {
        "model": "permission", 
        "name": "permission", 
        "app_label": "auth"
    }
},
{
    "pk": 14, 
    "model": "contenttypes.contenttype", 
    "fields": {
        "model": "group", 
        "name": "group", 
        "app_label": "auth"
    }
},
{
    "pk": 15, 
    "model": "contenttypes.contenttype", 
    "fields": {
        "model": "user", 
        "name": "user", 
        "app_label": "auth"
    }
},
{
    "pk": 16, 
    "model": "contenttypes.contenttype", 
    "fields": {
        "model": "contenttype", 
        "name": "content type", 
        "app_label": "contenttypes"
    }
},
{
    "pk": 17, 
    "model": "contenttypes.contenttype", 
    "fields": {
        "model": "session", 
        "name": "session", 
        "app_label": "sessions"
    }
},
{
    "pk": 18, 
    "model": "contenttypes.contenttype", 
    "fields": {
        "model": "site", 
        "name": "site", 
        "app_label": "sites"
    }
},
{
    "pk": 1, 
    "model": "sites.site", 
    "fields": {
        "domain": "example.com", 
        "name": "example.com"
    }
},
{
    "pk": 1, 
    "model": "auth.permission", 
    "fields": {
        "codename": "add_afiliado", 
        "name": "Can add afiliado", 
        "content_type": 1
    }
},
{
    "pk": 2, 
    "model": "auth.permission", 
    "fields": {
        "codename": "change_afiliado", 
        "name": "Can change afiliado", 
        "content_type": 1
    }
},
{
    "pk": 3, 
    "model": "auth.permission", 
    "fields": {
        "codename": "delete_afiliado", 
        "name": "Can delete afiliado", 
        "content_type": 1
    }
},
{
    "pk": 4, 
    "model": "auth.permission", 
    "fields": {
        "codename": "add_especialidad", 
        "name": "Can add especialidad", 
        "content_type": 2
    }
},
{
    "pk": 5, 
    "model": "auth.permission", 
    "fields": {
        "codename": "change_especialidad", 
        "name": "Can change especialidad", 
        "content_type": 2
    }
},
{
    "pk": 6, 
    "model": "auth.permission", 
    "fields": {
        "codename": "delete_especialidad", 
        "name": "Can delete especialidad", 
        "content_type": 2
    }
},
{
    "pk": 7, 
    "model": "auth.permission", 
    "fields": {
        "codename": "add_consultorio", 
        "name": "Can add consultorio", 
        "content_type": 3
    }
},
{
    "pk": 8, 
    "model": "auth.permission", 
    "fields": {
        "codename": "change_consultorio", 
        "name": "Can change consultorio", 
        "content_type": 3
    }
},
{
    "pk": 9, 
    "model": "auth.permission", 
    "fields": {
        "codename": "delete_consultorio", 
        "name": "Can delete consultorio", 
        "content_type": 3
    }
},
{
    "pk": 10, 
    "model": "auth.permission", 
    "fields": {
        "codename": "add_empleado", 
        "name": "Can add empleado", 
        "content_type": 4
    }
},
{
    "pk": 11, 
    "model": "auth.permission", 
    "fields": {
        "codename": "change_empleado", 
        "name": "Can change empleado", 
        "content_type": 4
    }
},
{
    "pk": 12, 
    "model": "auth.permission", 
    "fields": {
        "codename": "delete_empleado", 
        "name": "Can delete empleado", 
        "content_type": 4
    }
},
{
    "pk": 13, 
    "model": "auth.permission", 
    "fields": {
        "codename": "add_reserva", 
        "name": "Can add reserva", 
        "content_type": 5
    }
},
{
    "pk": 14, 
    "model": "auth.permission", 
    "fields": {
        "codename": "change_reserva", 
        "name": "Can change reserva", 
        "content_type": 5
    }
},
{
    "pk": 15, 
    "model": "auth.permission", 
    "fields": {
        "codename": "delete_reserva", 
        "name": "Can delete reserva", 
        "content_type": 5
    }
},
{
    "pk": 16, 
    "model": "auth.permission", 
    "fields": {
        "codename": "add_especialista", 
        "name": "Can add especialista", 
        "content_type": 6
    }
},
{
    "pk": 17, 
    "model": "auth.permission", 
    "fields": {
        "codename": "change_especialista", 
        "name": "Can change especialista", 
        "content_type": 6
    }
},
{
    "pk": 18, 
    "model": "auth.permission", 
    "fields": {
        "codename": "delete_especialista", 
        "name": "Can delete especialista", 
        "content_type": 6
    }
},
{
    "pk": 19, 
    "model": "auth.permission", 
    "fields": {
        "codename": "add_especialistaespecialidad", 
        "name": "Can add especialista especialidad", 
        "content_type": 7
    }
},
{
    "pk": 20, 
    "model": "auth.permission", 
    "fields": {
        "codename": "change_especialistaespecialidad", 
        "name": "Can change especialista especialidad", 
        "content_type": 7
    }
},
{
    "pk": 21, 
    "model": "auth.permission", 
    "fields": {
        "codename": "delete_especialistaespecialidad", 
        "name": "Can delete especialista especialidad", 
        "content_type": 7
    }
},
{
    "pk": 22, 
    "model": "auth.permission", 
    "fields": {
        "codename": "add_disponibilidad", 
        "name": "Can add disponibilidad", 
        "content_type": 8
    }
},
{
    "pk": 23, 
    "model": "auth.permission", 
    "fields": {
        "codename": "change_disponibilidad", 
        "name": "Can change disponibilidad", 
        "content_type": 8
    }
},
{
    "pk": 24, 
    "model": "auth.permission", 
    "fields": {
        "codename": "delete_disponibilidad", 
        "name": "Can delete disponibilidad", 
        "content_type": 8
    }
},
{
    "pk": 25, 
    "model": "auth.permission", 
    "fields": {
        "codename": "add_turno", 
        "name": "Can add turno", 
        "content_type": 9
    }
},
{
    "pk": 26, 
    "model": "auth.permission", 
    "fields": {
        "codename": "change_turno", 
        "name": "Can change turno", 
        "content_type": 9
    }
},
{
    "pk": 27, 
    "model": "auth.permission", 
    "fields": {
        "codename": "delete_turno", 
        "name": "Can delete turno", 
        "content_type": 9
    }
},
{
    "pk": 28, 
    "model": "auth.permission", 
    "fields": {
        "codename": "add_lineadereserva", 
        "name": "Can add linea de reserva", 
        "content_type": 10
    }
},
{
    "pk": 29, 
    "model": "auth.permission", 
    "fields": {
        "codename": "change_lineadereserva", 
        "name": "Can change linea de reserva", 
        "content_type": 10
    }
},
{
    "pk": 30, 
    "model": "auth.permission", 
    "fields": {
        "codename": "delete_lineadereserva", 
        "name": "Can delete linea de reserva", 
        "content_type": 10
    }
},
{
    "pk": 31, 
    "model": "auth.permission", 
    "fields": {
        "codename": "add_historialturno", 
        "name": "Can add historial turno", 
        "content_type": 11
    }
},
{
    "pk": 32, 
    "model": "auth.permission", 
    "fields": {
        "codename": "change_historialturno", 
        "name": "Can change historial turno", 
        "content_type": 11
    }
},
{
    "pk": 33, 
    "model": "auth.permission", 
    "fields": {
        "codename": "delete_historialturno", 
        "name": "Can delete historial turno", 
        "content_type": 11
    }
},
{
    "pk": 34, 
    "model": "auth.permission", 
    "fields": {
        "codename": "add_settings", 
        "name": "Can add settings", 
        "content_type": 12
    }
},
{
    "pk": 35, 
    "model": "auth.permission", 
    "fields": {
        "codename": "change_settings", 
        "name": "Can change settings", 
        "content_type": 12
    }
},
{
    "pk": 36, 
    "model": "auth.permission", 
    "fields": {
        "codename": "delete_settings", 
        "name": "Can delete settings", 
        "content_type": 12
    }
},
{
    "pk": 37, 
    "model": "auth.permission", 
    "fields": {
        "codename": "add_permission", 
        "name": "Can add permission", 
        "content_type": 13
    }
},
{
    "pk": 38, 
    "model": "auth.permission", 
    "fields": {
        "codename": "change_permission", 
        "name": "Can change permission", 
        "content_type": 13
    }
},
{
    "pk": 39, 
    "model": "auth.permission", 
    "fields": {
        "codename": "delete_permission", 
        "name": "Can delete permission", 
        "content_type": 13
    }
},
{
    "pk": 40, 
    "model": "auth.permission", 
    "fields": {
        "codename": "add_group", 
        "name": "Can add group", 
        "content_type": 14
    }
},
{
    "pk": 41, 
    "model": "auth.permission", 
    "fields": {
        "codename": "change_group", 
        "name": "Can change group", 
        "content_type": 14
    }
},
{
    "pk": 42, 
    "model": "auth.permission", 
    "fields": {
        "codename": "delete_group", 
        "name": "Can delete group", 
        "content_type": 14
    }
},
{
    "pk": 43, 
    "model": "auth.permission", 
    "fields": {
        "codename": "add_user", 
        "name": "Can add user", 
        "content_type": 15
    }
},
{
    "pk": 44, 
    "model": "auth.permission", 
    "fields": {
        "codename": "change_user", 
        "name": "Can change user", 
        "content_type": 15
    }
},
{
    "pk": 45, 
    "model": "auth.permission", 
    "fields": {
        "codename": "delete_user", 
        "name": "Can delete user", 
        "content_type": 15
    }
},
{
    "pk": 46, 
    "model": "auth.permission", 
    "fields": {
        "codename": "add_contenttype", 
        "name": "Can add content type", 
        "content_type": 16
    }
},
{
    "pk": 47, 
    "model": "auth.permission", 
    "fields": {
        "codename": "change_contenttype", 
        "name": "Can change content type", 
        "content_type": 16
    }
},
{
    "pk": 48, 
    "model": "auth.permission", 
    "fields": {
        "codename": "delete_contenttype", 
        "name": "Can delete content type", 
        "content_type": 16
    }
},
{
    "pk": 49, 
    "model": "auth.permission", 
    "fields": {
        "codename": "add_session", 
        "name": "Can add session", 
        "content_type": 17
    }
},
{
    "pk": 50, 
    "model": "auth.permission", 
    "fields": {
        "codename": "change_session", 
        "name": "Can change session", 
        "content_type": 17
    }
},
{
    "pk": 51, 
    "model": "auth.permission", 
    "fields": {
        "codename": "delete_session", 
        "name": "Can delete session", 
        "content_type": 17
    }
},
{
    "pk": 52, 
    "model": "auth.permission", 
    "fields": {
        "codename": "add_site", 
        "name": "Can add site", 
        "content_type": 18
    }
},
{
    "pk": 53, 
    "model": "auth.permission", 
    "fields": {
        "codename": "change_site", 
        "name": "Can change site", 
        "content_type": 18
    }
},
{
    "pk": 54, 
    "model": "auth.permission", 
    "fields": {
        "codename": "delete_site", 
        "name": "Can delete site", 
        "content_type": 18
    }
},
{
    "pk": 1, 
    "model": "auth.user", 
    "fields": {
        "username": "operador", 
        "first_name": "", 
        "last_name": "", 
        "is_active": true, 
        "is_superuser": false, 
        "is_staff": false, 
        "last_login": "2014-01-24T14:10:17.446Z", 
        "groups": [], 
        "user_permissions": [], 
        "password": "pbkdf2_sha256$12000$XQLKduFJUPZG$twz/aEc6DHAogHlPV3OfsMjV4EwXxHfeKYa72aZ50Dc=", 
        "email": "operador@ospical.org.ar", 
        "date_joined": "2014-01-24T14:10:17.446Z"
    }
},
{
    "pk": 1, 
    "model": "turnos.empleado", 
    "fields": {
        "dni": 44556677, 
        "user": 1
    }
}
]
